,vocab,counts
3489,abolish,3
3490,abrams,3
3491,absurd,3
3492,absurdity,3
3493,accumulate,3
3494,acknowledges,3
3495,acquit,3
3496,activate,3
3497,adam,3
3498,adjust,3
3499,affiliation,3
3500,aflcio,3
3501,airport,3
3502,alassad,3
3503,alberta,3
3504,alcoholism,3
3505,alzheimer,3
3506,amend,3
3507,amna,3
3508,amongst,3
3509,analysis,3
3510,analyst,3
3511,angry,3
3512,ank,3
3513,anniversary,3
3514,appear,3
3515,appreciation,3
3516,architect,3
3517,aspect,3
3518,assassinate,3
3519,assassination,3
3520,assistance,3
3521,authentic,3
3522,authorize,3
3523,autistic,3
3524,automatic,3
3525,autopsy,3
3526,avenue,3
3527,aware,3
3528,backup,3
3529,bailout,3
3530,beijing,3
3531,betray,3
3532,betrayal,3
3533,bin,3
3534,birth,3
3535,blackwhite,3
3536,blanket,3
3537,blast,3
3538,blowing,3
3539,boldest,3
3540,boldness,3
3541,bomb,3
3542,both,3
3543,bother,3
3544,brain,3
3545,branch,3
3546,brazil,3
3547,breakdown,3
3548,brett,3
3549,brief,3
3550,briefing,3
3551,bright,3
3552,broaden,3
3553,broader,3
3554,broward,3
3555,buddy,3
3556,bully,3
3557,burn,3
3558,businessman,3
3559,cabinet,3
3560,candid,3
3561,capitalist,3
3562,careful,3
3563,carpenter,3
3564,cartel,3
3565,catastrophic,3
3566,celebrate,3
3567,chant,3
3568,cheney,3
3569,chevron,3
3570,childbirth,3
3571,christopher,3
3572,chunk,3
3573,classroom,3
3574,cnnnew,3
3575,coalfired,3
3576,coastal,3
3577,coherent,3
3578,cokie,3
3579,collect,3
3580,collective,3
3581,collectively,3
3582,columbine,3
3583,communist,3
3584,comply,3
3585,conceive,3
3586,concept,3
3587,concession,3
3588,concrete,3
3589,confidence,3
3590,consists,3
3591,consultant,3
3592,consume,3
3593,contraception,3
3594,contractor,3
3595,convenient,3
3596,convert,3
3597,convincing,3
3598,crash,3
3599,creation,3
3600,criminalization,3
3601,critic,3
3602,criticism,3
3603,crop,3
3604,crumble,3
3605,crystal,3
3606,cuban,3
3607,custody,3
3608,date,3
3609,dealer,3
3610,dear,3
3611,decrease,3
3612,decriminalization,3
3613,deepen,3
3614,deeper,3
3615,deescalation,3
3616,degrade,3
3617,delaware,3
3618,denigrate,3
3619,deploy,3
3620,depoliticize,3
3621,designate,3
3622,determines,3
3623,developed,3
3624,diaper,3
3625,dinner,3
3626,diplomatically,3
3627,disappearance,3
3628,disappointment,3
3629,disarm,3
3630,discover,3
3631,disinvest,3
3632,dismember,3
3633,disrupt,3
3634,divert,3
3635,divorce,3
3636,dog,3
3637,dominates,3
3638,draft,3
3639,drip,3
3640,drought,3
3641,drum,3
3642,dude,3
3643,earner,3
3644,easily,3
3645,eddie,3
3646,efficient,3
3647,ego,3
3648,electricity,3
3649,elena,3
3650,ellen,3
3651,employ,3
3652,employersponsored,3
3653,employment,3
3654,energize,3
3655,entirely,3
3656,entity,3
3657,error,3
3658,escalation,3
3659,ethic,3
3660,evolution,3
3661,evolve,3
3662,exclusion,3
3663,exhaust,3
3664,exhaustion,3
3665,exhibit,3
3666,exonerate,3
3667,expectation,3
3668,expediency,3
3669,extra,3
3670,eyeglass,3
3671,fabric,3
3672,fails,3
3673,familiar,3
3674,fat,3
3675,fbi,3
3676,fearless,3
3677,fee,3
3678,file,3
3679,fin,3
3680,firearm,3
3681,flight,3
3682,forbid,3
3683,foremost,3
3684,forgive,3
3685,formal,3
3686,founder,3
3687,fouryear,3
3688,frame,3
3689,francisco,3
3690,fry,3
3691,functionally,3
3692,funeral,3
3693,funny,3
3694,gasoline,3
3695,generally,3
3696,giuliani,3
3697,globe,3
3698,golf,3
3699,goodbye,3
3700,gop,3
3701,grandparent,3
3702,grandson,3
3703,grotesque,3
3704,gunshot,3
3705,harassment,3
3706,headache,3
3707,heartbreaking,3
3708,heartland,3
3709,heat,3
3710,hiding,3
3711,highly,3
3712,hollow,3
3713,homeowner,3
3714,honorable,3
3715,hooked,3
3716,husband,3
3717,identification,3
3718,idlib,3
3719,immune,3
3720,implementation,3
3721,implication,3
3722,imply,3
3723,import,3
3724,importantly,3
3725,improves,3
3726,impunity,3
3727,inaugurate,3
3728,incompetent,3
3729,individualism,3
3730,inflict,3
3731,infringe,3
3732,initially,3
3733,insufficiently,3
3734,intervene,3
3735,intervention,3
3736,intrinsic,3
3737,invasion,3
3738,investor,3
3739,iraqi,3
3740,jacking,3
3741,janitor,3
3742,jeanne,3
3743,jeopardy,3
3744,joint,3
3745,jordan,3
3746,journal,3
3747,journey,3
3748,jump,3
3749,juror,3
3750,justify,3
3751,kagan,3
3752,kathleen,3
3753,kidnapping,3
3754,killer,3
3755,kindergarten,3
3756,knowledge,3
3757,kurdish,3
3758,lake,3
3759,lane,3
3760,league,3
3761,lewis,3
3762,libertarian,3
3763,lieutenant,3
3764,link,3
3765,locate,3
3766,loudest,3
3767,loyal,3
3768,lunch,3
3769,luxury,3
3770,maggie,3
3771,maintain,3
3772,manager,3
3773,marc,3
3774,marginal,3
3775,maryland,3
3776,massacre,3
3777,mattis,3
3778,maximum,3
3779,memory,3
3780,meter,3
3781,midterm,3
3782,mindset,3
3783,mining,3
3784,minister,3
3785,minus,3
3786,mislead,3
3787,missouri,3
3788,mitigation,3
3789,momentum,3
3790,mondale,3
3791,monica,3
3792,monopolistic,3
3793,mortality,3
3794,multitrillion,3
3795,nazi,3
3796,negotiator,3
3797,neither,3
3798,netanyahu,3
3799,nextgen,3
3800,ngressman,3
3801,nicaragua,3
3802,nih,3
3803,no,3
3804,non,3
3805,obamabiden,3
3806,occasionally,3
3807,odessa,3
3808,off,3
3809,offend,3
3810,offset,3
3811,onetenth,3
3812,opiate,3
3813,opposes,3
3814,optimistic,3
3815,orleans,3
3816,outrage,3
3817,overhaul,3
3818,overlook,3
3819,overstayed,3
3820,package,3
3821,participation,3
3822,partisanship,3
3823,passionate,3
3824,patent,3
3825,patriotic,3
3826,paul,3
3827,payroll,3
3828,peacefully,3
3829,perceive,3
3830,percentage,3
3831,perception,3
3832,permanently,3
3833,perpetuate,3
3834,phony,3
3835,phrase,3
3836,pie,3
3837,pillar,3
3838,pilot,3
3839,pipe,3
3840,plain,3
3841,player,3
3842,plumber,3
3843,pollution,3
3844,pool,3
3845,poorest,3
3846,porch,3
3847,port,3
3848,prayer,3
3849,predator,3
3850,predatory,3
3851,predict,3
3852,pregnancy,3
3853,preparation,3
3854,prevents,3
3855,prey,3
3856,prime,3
3857,principal,3
3858,prior,3
3859,privately,3
3860,productivity,3
3861,proisrael,3
3862,prominent,3
3863,prosperous,3
3864,protects,3
3865,protest,3
3866,publisher,3
3867,punitive,3
3868,purdue,3
3869,quickest,3
3870,quiet,3
3871,radio,3
3872,random,3
3873,rap,3
3874,rape,3
3875,rat,3
3876,react,3
3877,reaction,3
3878,readiness,3
3879,receipt,3
3880,recession,3
3881,recipient,3
3882,recover,3
3883,recruit,3
3884,redeem,3
3885,redemption,3
3886,reduction,3
3887,reed,3
3888,reestablish,3
3889,refinance,3
3890,refrain,3
3891,regenerative,3
3892,regret,3
3893,regulate,3
3894,relates,3
3895,relative,3
3896,remains,3
3897,reminds,3
3898,renewables,3
3899,reno,3
3900,reporter,3
3901,resort,3
3902,revitalize,3
3903,revolutionary,3
3904,richard,3
3905,rightwing,3
3906,ripped,3
3907,rival,3
3908,rudy,3
3909,rugged,3
3910,sadly,3
3911,safely,3
3912,scapegoated,3
3913,sean,3
3914,search,3
3915,selfdescribed,3
3916,selfserving,3
3917,semester,3
3918,sends,3
3919,severely,3
3920,sexism,3
3921,sexist,3
3922,shake,3
3923,shareholder,3
3924,sheet,3
3925,sherrod,3
3926,shorter,3
3927,shortterm,3
3928,sideline,3
3929,sight,3
3930,silence,3
3931,silent,3
3932,sits,3
3933,slogan,3
3934,smear,3
3935,smile,3
3936,smoking,3
3937,soccer,3
3938,somewhat,3
3939,soy,3
3940,space,3
3941,specialist,3
3942,spectacle,3
3943,spends,3
3944,spin,3
3945,spinelessness,3
3946,split,3
3947,sponsor,3
3948,sport,3
3949,spring,3
3950,stacey,3
3951,stance,3
3952,star,3
3953,stayed,3
3954,steve,3
3955,stimulate,3
3956,straightforward,3
3957,stranger,3
3958,strip,3
3959,supervision,3
3960,suppress,3
3961,surely,3
3962,surprising,3
3963,surrender,3
3964,suspect,3
3965,suspend,3
3966,swing,3
3967,tall,3
3968,tapped,3
3969,task,3
3970,teamwork,3
3971,tender,3
3972,tent,3
3973,tenure,3
3974,terminal,3
3975,territory,3
3976,thankfully,3
3977,theme,3
3978,therefore,3
3979,threatens,3
3980,throat,3
3981,timing,3
3982,tip,3
3983,tobacco,3
3984,tolerance,3
3985,toss,3
3986,tower,3
3987,tragic,3
3988,tragically,3
3989,treasury,3
3990,tree,3
3991,triangle,3
3992,trigger,3
3993,trip,3
3994,trucker,3
3995,twothirds,3
3996,twoyear,3
3997,tyrant,3
3998,ubi,3
3999,ugly,3
4000,unacceptable,3
4001,unbelievable,3
4002,unclear,3
4003,undertake,3
4004,underwater,3
4005,underway,3
4006,unemployed,3
4007,unenumerated,3
4008,unilaterally,3
4009,uninhabitable,3
4010,unleash,3
4011,unlimited,3
4012,unnecessary,3
4013,upgrade,3
4014,urgent,3
4015,utility,3
4016,vacancy,3
4017,valuable,3
4018,van,3
4019,variety,3
4020,vegan,3
4021,vibrant,3
4022,virginia,3
4023,vital,3
4024,wag,3
4025,waitress,3
4026,walmart,3
4027,wash,3
4028,watermark,3
4029,weaken,3
4030,weakness,3
4031,weight,3
4032,welch,3
4033,wider,3
4034,williams,3
4035,wishlist,3
4036,wmur,3
4037,workable,3
4038,worldclass,3
4039,yada,3
4040,yellow,3
4041,youngstown,3
4042,zealand,3
4043,zelensky,3
4044,zip,3
4045,abhorrent,4
4046,accelerate,4
4047,achievement,4
4048,aclu,4
4049,actor,4
4050,adapt,4
4051,addict,4
4052,administrative,4
4053,admire,4
4054,adopt,4
4055,advance,4
4056,advice,4
4057,affection,4
4058,affordability,4
4059,aloha,4
4060,amaze,4
4061,anchor,4
4062,angeles,4
4063,anticorruption,4
4064,anxiety,4
4065,apprehend,4
4066,arrive,4
4067,assist,4
4068,assume,4
4069,audio,4
4070,backwards,4
4071,bader,4
4072,ball,4
4073,baltimore,4
4074,bar,4
4075,barrack,4
4076,bear,4
4077,bearing,4
4078,bedroom,4
4079,beg,4
4080,bench,4
4081,bennett,4
4082,billing,4
4083,bless,4
4084,blew,4
4085,blunt,4
4086,bone,4
4087,bork,4
4088,brave,4
4089,brooklyn,4
4090,brutal,4
4091,buttigiege,4
4092,capable,4
4093,capitol,4
4094,carnage,4
4095,casey,4
4096,casino,4
4097,catastrophe,4
4098,catch,4
4099,ceiling,4
4100,chain,4
4101,chairman,4
4102,champion,4
4103,chevy,4
4104,chose,4
4105,circle,4
4106,claimed,4
4107,clyburn,4
4108,coach,4
4109,cocaine,4
4110,coke,4
4111,combination,4
4112,commentator,4
4113,compensation,4
4114,competent,4
4115,competitor,4
4116,complicate,4
4117,conclusion,4
4118,conference,4
4119,confirm,4
4120,confiscation,4
4121,consideration,4
4122,constant,4
4123,contest,4
4124,context,4
4125,conventional,4
4126,cooper,4
4127,coordinate,4
4128,cop,4
4129,corybookercom,4
4130,counter,4
4131,counting,4
4132,crossing,4
4133,crow,4
4134,cruel,4
4135,cry,4
4136,cyber,4
4137,daily,4
4138,deadline,4
4139,deadly,4
4140,decline,4
4141,deescalate,4
4142,delighted,4
4143,denounce,4
4144,descendant,4
4145,deterioration,4
4146,diagnosis,4
4147,dial,4
4148,disagreed,4
4149,disappear,4
4150,disclose,4
4151,dismiss,4
4152,distribution,4
4153,douglas,4
4154,drag,4
4155,drove,4
4156,dump,4
4157,dunford,4
4158,during,4
4159,ear,4
4160,economics,4
4161,economist,4
4162,educator,4
4163,eligible,4
4164,elite,4
4165,email,4
4166,embassy,4
4167,employerbased,4
4168,empty,4
4169,engagement,4
4170,enrich,4
4171,enroll,4
4172,entry,4
4173,escape,4
4174,excellent,4
4175,exception,4
4176,extensive,4
4177,faster,4
4178,fastest,4
4179,favorite,4
4180,fence,4
4181,ferguson,4
4182,firefighter,4
4183,footprint,4
4184,forprofit,4
4185,fouryearold,4
4186,framework,4
4187,france,4
4188,galvanize,4
4189,generic,4
4190,genius,4
4191,gentleman,4
4192,grandfather,4
4193,grocery,4
4194,gum,4
4195,hang,4
4196,harass,4
4197,hardest,4
4198,headline,4
4199,heartbeat,4
4200,hide,4
4201,hill,4
4202,holder,4
4203,holiday,4
4204,homework,4
4205,hopefully,4
4206,horrible,4
4207,hunt,4
4208,ignore,4
4209,imagination,4
4210,immediate,4
4211,imminent,4
4212,immunity,4
4213,impeachable,4
4214,imperative,4
4215,inclusion,4
4216,india,4
4217,indict,4
4218,inequity,4
4219,inflation,4
4220,insider,4
4221,inspiration,4
4222,institution,4
4223,insurer,4
4224,intend,4
4225,internationally,4
4226,involvement,4
4227,involves,4
4228,james,4
4229,johnson,4
4230,joseph,4
4231,julian,4
4232,kavanaugh,4
4233,kentucky,4
4234,khashoggi,4
4235,lady,4
4236,lawful,4
4237,legislator,4
4238,legislature,4
4239,liable,4
4240,lobbying,4
4241,los,4
4242,louisiana,4
4243,maddow,4
4244,malfeasance,4
4245,mall,4
4246,management,4
4247,manchester,4
4248,mandate,4
4249,maralago,4
4250,material,4
4251,meantime,4
4252,medicareforall,4
4253,mideast,4
4254,midwestern,4
4255,monitor,4
4256,montana,4
4257,monthly,4
4258,msnbc,4
4259,navy,4
4260,newcomer,4
4261,newshour,4
4262,nibble,4
4263,nonwhite,4
4264,nope,4
4265,norm,4
4266,object,4
4267,obvious,4
4268,on,4
4269,operate,4
4270,originally,4
4271,outright,4
4272,outsource,4
4273,overdose,4
4274,pardon,4
4275,passion,4
4276,patriot,4
4277,perform,4
4278,performance,4
4279,persuade,4
4280,photo,4
4281,photograph,4
4282,pipeline,4
4283,piss,4
4284,playground,4
4285,poker,4
4286,polarization,4
4287,politburo,4
4288,predecessor,4
4289,prescribed,4
4290,prevail,4
4291,pricing,4
4292,prisoner,4
4293,production,4
4294,proliferation,4
4295,proof,4
4296,prospect,4
4297,prove,4
4298,psychologist,4
4299,puerto,4
4300,punch,4
4301,purge,4
4302,racially,4
4303,rail,4
4304,reassure,4
4305,recommend,4
4306,reddest,4
4307,refuge,4
4308,relatively,4
4309,religious,4
4310,reminder,4
4311,reputation,4
4312,restaurant,4
4313,restoration,4
4314,restriction,4
4315,restructure,4
4316,retail,4
4317,revolve,4
4318,rhetoric,4
4319,rico,4
4320,rig,4
4321,rightly,4
4322,ring,4
4323,robot,4
4324,roof,4
4325,roosevelt,4
4326,ruling,4
4327,ruth,4
4328,ruthless,4
4329,sacred,4
4330,safest,4
4331,sake,4
4332,sane,4
4333,savannah,4
4334,scale,4
4335,scholar,4
4336,seeker,4
4337,segment,4
4338,segregate,4
4339,selfies,4
4340,serf,4
4341,severe,4
4342,shaheen,4
4343,ship,4
4344,sibelius,4
4345,signal,4
4346,site,4
4347,sneak,4
4348,soil,4
4349,solid,4
4350,sondland,4
4351,soybean,4
4352,spur,4
4353,startup,4
4354,stateless,4
4355,statewide,4
4356,stopandfrisk,4
4357,strategic,4
4358,stretch,4
4359,stupid,4
4360,suddenly,4
4361,summer,4
4362,summit,4
4363,sun,4
4364,swore,4
4365,syrian,4
4366,teammate,4
4367,teenager,4
4368,terribly,4
4369,them,4
4370,thin,4
4371,threeyearold,4
4372,tighter,4
4373,tone,4
4374,too,4
4375,transfer,4
4376,transportation,4
4377,trash,4
4378,traumatize,4
4379,ultimate,4
4380,unaffordable,4
4381,unchecked,4
4382,uncle,4
4383,underground,4
4384,understood,4
4385,unique,4
4386,unpopular,4
4387,unusual,4
4388,up,4
4389,upcoming,4
4390,uranium,4
4391,usher,4
4392,usually,4
4393,vacation,4
4394,various,4
4395,vicious,4
4396,virus,4
4397,watergate,4
4398,wave,4
4399,weaker,4
4400,western,4
4401,whenever,4
4402,wrap,4
4403,writes,4
4404,xenophobia,4
4405,yale,4
4406,younger,4
4407,absolute,5
4408,acquittal,5
4409,activism,5
4410,adequate,5
4411,advertising,5
4412,afghan,5
4413,africanamericans,5
4414,allege,5
4415,apartment,5
4416,app,5
4417,april,5
4418,arizona,5
4419,article,5
4420,ashamed,5
4421,aspiration,5
4422,assad,5
4423,atlanta,5
4424,author,5
4425,automate,5
4426,awful,5
4427,basement,5
4428,bay,5
4429,belief,5
4430,bet,5
4431,bias,5
4432,bigotry,5
4433,blow,5
4434,bus,5
4435,candidacy,5
4436,carter,5
4437,cave,5
4438,cetera,5
4439,challenged,5
4440,changer,5
4441,character,5
4442,chew,5
4443,chris,5
4444,coast,5
4445,coffee,5
4446,collar,5
4447,colonel,5
4448,compassion,5
4449,conclude,5
4450,confess,5
4451,consent,5
4452,consequential,5
4453,conservation,5
4454,consistently,5
4455,constituent,5
4456,continued,5
4457,courageous,5
4458,cuomo,5
4459,customer,5
4460,cybersecurity,5
4461,daddy,5
4462,dayton,5
4463,definition,5
4464,demonstrate,5
4465,deployment,5
4466,destiny,5
4467,destroyed,5
4468,detain,5
4469,dick,5
4470,dime,5
4471,diminish,5
4472,disagreement,5
4473,discipline,5
4474,distance,5
4475,distinction,5
4476,distract,5
4477,disturb,5
4478,divisiveness,5
4479,doctrine,5
4480,doubt,5
4481,dow,5
4482,dr,5
4483,drilling,5
4484,driver,5
4485,drone,5
4486,educational,5
4487,edward,5
4488,efficiency,5
4489,electability,5
4490,electrician,5
4491,elimination,5
4492,empathy,5
4493,enjoy,5
4494,environmentalist,5
4495,epipens,5
4496,equity,5
4497,erdogan,5
4498,erratic,5
4499,essential,5
4500,establishment,5
4501,evaluate,5
4502,exit,5
4503,favorable,5
4504,fighter,5
4505,firsthand,5
4506,flat,5
4507,forest,5
4508,forever,5
4509,fox,5
4510,freed,5
4511,gather,5
4512,geopolitical,5
4513,germany,5
4514,gigantic,5
4515,ginsburg,5
4516,gold,5
4517,greater,5
4518,harness,5
4519,heck,5
4520,height,5
4521,heroin,5
4522,hispanic,5
4523,holt,5
4524,hostility,5
4525,hug,5
4526,humane,5
4527,identify,5
4528,ideological,5
4529,illness,5
4530,immigrate,5
4531,immoral,5
4532,importance,5
4533,increasingly,5
4534,initiative,5
4535,inner,5
4536,innovate,5
4537,innovation,5
4538,insane,5
4539,insult,5
4540,internet,5
4541,invoked,5
4542,jackson,5
4543,jewish,5
4544,label,5
4545,leg,5
4546,legacy,5
4547,limited,5
4548,linsey,5
4549,lobby,5
4550,lone,5
4551,loss,5
4552,maduro,5
4553,manufacture,5
4554,marshall,5
4555,match,5
4556,mccarthy,5
4557,mcdonald,5
4558,meaningful,5
4559,meanwhile,5
4560,memo,5
4561,mess,5
4562,midst,5
4563,minneapolis,5
4564,modest,5
4565,nice,5
4566,nightmare,5
4567,nixon,5
4568,noise,5
4569,nonviolent,5
4570,norah,5
4571,nursing,5
4572,oldest,5
4573,once,5
4574,oped,5
4575,openly,5
4576,operating,5
4577,opt,5
4578,orientation,5
4579,otterbein,5
4580,outline,5
4581,overdue,5
4582,overwhelmingly,5
4583,pandemic,5
4584,parenthood,5
4585,pell,5
4586,played,5
4587,plenty,5
4588,pntr,5
4589,podium,5
4590,poison,5
4591,pollute,5
4592,possibly,5
4593,postpone,5
4594,practical,5
4595,precondition,5
4596,prescribe,5
4597,preserve,5
4598,preyed,5
4599,prioritize,5
4600,proceed,5
4601,producer,5
4602,purity,5
4603,rebuttal,5
4604,recognition,5
4605,recovery,5
4606,regional,5
4607,regular,5
4608,reign,5
4609,renegotiate,5
4610,renew,5
4611,repeat,5
4612,requirement,5
4613,resolve,5
4614,rethink,5
4615,retire,5
4616,reveal,5
4617,reward,5
4618,rifle,5
4619,ruin,5
4620,saturday,5
4621,select,5
4622,self,5
4623,shadow,5
4624,shelter,5
4625,shoulder,5
4626,shrink,5
4627,skill,5
4628,slice,5
4629,socalled,5
4630,source,5
4631,spectrum,5
4632,speech,5
4633,standpoint,5
4634,stress,5
4635,stuck,5
4636,submit,5
4637,substantially,5
4638,suburban,5
4639,successfully,5
4640,sum,5
4641,supply,5
4642,survivor,5
4643,sworn,5
4644,systematic,5
4645,tag,5
4646,taxation,5
4647,technical,5
4648,ted,5
4649,tenant,5
4650,thinner,5
4651,thug,5
4652,toughest,5
4653,toxic,5
4654,trading,5
4655,tradition,5
4656,transformative,5
4657,tsu,5
4658,turner,5
4659,uncomfortable,5
4660,undo,5
4661,unity,5
4662,uphold,5
4663,usmca,5
4664,uyghurs,5
4665,vacuum,5
4666,very,5
4667,volunteer,5
4668,vulnerable,5
4669,waiver,5
4670,walter,5
4671,warm,5
4672,wheel,5
4673,window,5
4674,wine,5
4675,wipe,5
4676,withdrawn,5
4677,worthy,5
4678,abc,6
4679,abuser,6
4680,aca,6
4681,actual,6
4682,agent,6
4683,agrees,6
4684,ambition,6
4685,asset,6
4686,associate,6
4687,august,6
4688,australia,6
4689,bankruptcy,6
4690,barbara,6
4691,barrier,6
4692,battery,6
4693,belong,6
4694,berniesanderscom,6
4695,betrayed,6
4696,boyfriend,6
4697,brady,6
4698,brink,6
4699,broad,6
4700,burning,6
4701,campus,6
4702,capability,6
4703,card,6
4704,cast,6
4705,chair,6
4706,civilian,6
4707,cold,6
4708,concentration,6
4709,concludes,6
4710,condemn,6
4711,confuse,6
4712,connection,6
4713,consensus,6
4714,constituency,6
4715,convention,6
4716,convict,6
4717,cooperate,6
4718,coronavirus,6
4719,correspondent,6
4720,cory,6
4721,counsel,6
4722,creates,6
4723,credibility,6
4724,crowd,6
4725,culinary,6
4726,cycle,6
4727,dana,6
4728,danger,6
4729,daycare,6
4730,de,6
4731,defender,6
4732,devastate,6
4733,development,6
4734,disgust,6
4735,disparity,6
4736,divisive,6
4737,donation,6
4738,duty,6
4739,economically,6
4740,emerge,6
4741,enact,6
4742,endorse,6
4743,endorsement,6
4744,enlist,6
4745,equally,6
4746,european,6
4747,excitement,6
4748,exclude,6
4749,exercise,6
4750,expansion,6
4751,expert,6
4752,fairly,6
4753,fit,6
4754,forgotten,6
4755,foundation,6
4756,frustration,6
4757,fulltime,6
4758,fun,6
4759,fundraiser,6
4760,furthermore,6
4761,generate,6
4762,generational,6
4763,genocide,6
4764,greatness,6
4765,hatred,6
4766,healthy,6
4767,hello,6
4768,hero,6
4769,homeless,6
4770,hometown,6
4771,homicide,6
4772,honduras,6
4773,honestly,6
4774,horrific,6
4775,however,6
4776,impose,6
4777,independence,6
4778,inherit,6
4779,injured,6
4780,institutional,6
4781,integrity,6
4782,interference,6
4783,interview,6
4784,isolated,6
4785,jersey,6
4786,jim,6
4787,jorge,6
4788,jury,6
4789,kyle,6
4790,laugh,6
4791,legitimacy,6
4792,licensing,6
4793,mama,6
4794,married,6
4795,mentor,6
4796,methane,6
4797,michael,6
4798,mics,6
4799,migrant,6
4800,mileage,6
4801,miner,6
4802,moines,6
4803,monopoly,6
4804,moon,6
4805,mortgage,6
4806,motor,6
4807,movie,6
4808,multiple,6
4809,nondisclosure,6
4810,occur,6
4811,oklahoma,6
4812,ongoing,6
4813,ore,6
4814,other,6
4815,ownership,6
4816,pac,6
4817,pacific,6
4818,pathological,6
4819,patient,6
4820,permit,6
4821,picked,6
4822,potentially,6
4823,pregnant,6
4824,presence,6
4825,procedure,6
4826,prosper,6
4827,proven,6
4828,punish,6
4829,pure,6
4830,quarter,6
4831,recognizes,6
4832,registration,6
4833,rehabilitation,6
4834,reinstate,6
4835,relation,6
4836,relies,6
4837,repair,6
4838,responsive,6
4839,restrict,6
4840,reunite,6
4841,revive,6
4842,rewrite,6
4843,ridiculous,6
4844,sad,6
4845,scar,6
4846,sea,6
4847,season,6
4848,secret,6
4849,smaller,6
4850,smarter,6
4851,somewhere,6
4852,spoken,6
4853,substantial,6
4854,successful,6
4855,sunset,6
4856,supremacy,6
4857,swalwell,6
4858,symbol,6
4859,symptom,6
4860,temperament,6
4861,testimony,6
4862,theater,6
4863,thrive,6
4864,thrown,6
4865,todd,6
4866,tolerate,6
4867,trauma,6
4868,treaty,6
4869,tuitionfree,6
4870,uncovered,6
4871,unfair,6
4872,valeria,6
4873,veto,6
4874,visa,6
4875,voluntary,6
4876,warfare,6
4877,warn,6
4878,waste,6
4879,winner,6
4880,withdraw,6
4881,wolf,6
4882,wonderful,6
4883,yemen,6
4884,youngest,6
4885,zone,6
4886,abandon,7
4887,accomplish,7
4888,activity,7
4889,additional,7
4890,again,7
4891,alienate,7
4892,alqaeda,7
4893,although,7
4894,andrew,7
4895,antonio,7
4896,apology,7
4897,appeal,7
4898,appropriate,7
4899,arena,7
4900,asia,7
4901,authoritarian,7
4902,avoid,7
4903,battleground,7
4904,becomes,7
4905,being,7
4906,box,7
4907,briefly,7
4908,camera,7
4909,canadian,7
4910,caput,7
4911,caught,7
4912,chaos,7
4913,chemical,7
4914,childhood,7
4915,client,7
4916,coal,7
4917,codify,7
4918,contain,7
4919,contributor,7
4920,cosponsor,7
4921,criminalize,7
4922,delegate,7
4923,demonize,7
4924,dental,7
4925,depend,7
4926,depends,7
4927,deserves,7
4928,destruction,7
4929,develop,7
4930,diagnose,7
4931,dictate,7
4932,director,7
4933,disastrous,7
4934,discriminate,7
4935,disgrace,7
4936,displace,7
4937,document,7
4938,donate,7
4939,dramatically,7
4940,dysfunctional,7
4941,each,7
4942,educate,7
4943,elevate,7
4944,emotional,7
4945,empower,7
4946,enrol,7
4947,entitle,7
4948,equip,7
4949,exploit,7
4950,export,7
4951,express,7
4952,expunge,7
4953,extremely,7
4954,finance,7
4955,fly,7
4956,fold,7
4957,frustrate,7
4958,graham,7
4959,guantanamo,7
4960,guatemala,7
4961,guide,7
4962,handful,7
4963,highway,7
4964,hole,7
4965,honeymoon,7
4966,hostile,7
4967,hunter,7
4968,inform,7
4969,inspector,7
4970,intimidate,7
4971,isolate,7
4972,jose,7
4973,judiciary,7
4974,legislative,7
4975,lgbtq,7
4976,license,7
4977,main,7
4978,me,7
4979,militarily,7
4980,mobilize,7
4981,motivate,7
4982,nature,7
4983,negative,7
4984,newark,7
4985,newspaper,7
4986,nomination,7
4987,nonsense,7
4988,offender,7
4989,opposition,7
4990,outcome,7
4991,overdoses,7
4992,penalty,7
4993,plane,7
4994,plus,7
4995,polling,7
4996,praise,7
4997,preexist,7
4998,profession,7
4999,profiteer,7
5000,publicly,7
5001,publish,7
5002,purple,7
5003,rally,7
5004,relocate,7
5005,remark,7
5006,retirement,7
5007,salary,7
5008,same,7
5009,sandy,7
5010,sexual,7
5011,shift,7
5012,shortage,7
5013,signature,7
5014,slave,7
5015,solitary,7
5016,steel,7
5017,stranglehold,7
5018,strongest,7
5019,substance,7
5020,supremacist,7
5021,surprise,7
5022,tension,7
5023,testify,7
5024,theoretical,7
5025,thirdly,7
5026,tie,7
5027,tim,7
5028,transpacific,7
5029,triple,7
5030,unable,7
5031,video,7
5032,vindman,7
5033,wake,7
5034,wear,7
5035,weekend,7
5036,wellconnected,7
5037,west,7
5038,withdrawal,7
5039,workforce,7
5040,worldwide,7
5041,accuse,8
5042,active,8
5043,advantage,8
5044,adversary,8
5045,advocate,8
5046,against,8
5047,aggressive,8
5048,alike,8
5049,amyklobucharcom,8
5050,antitrust,8
5051,anytime,8
5052,artificial,8
5053,asian,8
5054,asks,8
5055,attend,8
5056,barely,8
5057,battlefield,8
5058,bed,8
5059,chip,8
5060,clarification,8
5061,command,8
5062,complete,8
5063,compound,8
5064,compromise,8
5065,cooperation,8
5066,corner,8
5067,criminally,8
5068,crook,8
5069,cuba,8
5070,culture,8
5071,declare,8
5072,deficit,8
5073,definitely,8
5074,dig,8
5075,direction,8
5076,dirt,8
5077,disadvantage,8
5078,discus,8
5079,encourage,8
5080,enter,8
5081,estimate,8
5082,everyday,8
5083,exists,8
5084,expectancy,8
5085,expose,8
5086,extraordinary,8
5087,february,8
5088,female,8
5089,flag,8
5090,fully,8
5091,gerrymander,8
5092,gillibrand,8
5093,google,8
5094,grace,8
5095,grand,8
5096,grandpa,8
5097,gridlock,8
5098,guard,8
5099,hawaii,8
5100,hbcus,8
5101,healthier,8
5102,host,8
5103,humanity,8
5104,incarcerate,8
5105,incident,8
5106,incredibly,8
5107,infant,8
5108,inquiry,8
5109,insured,8
5110,iron,8
5111,israeli,8
5112,japan,8
5113,jinping,8
5114,jongun,8
5115,journalist,8
5116,judy,8
5117,laid,8
5118,larger,8
5119,lay,8
5120,liar,8
5121,luther,8
5122,marriage,8
5123,martin,8
5124,mission,8
5125,more,8
5126,mostly,8
5127,nancy,8
5128,natural,8
5129,nurse,8
5130,older,8
5131,operation,8
5132,opinion,8
5133,oscar,8
5134,outofpocket,8
5135,overseas,8
5136,palestinian,8
5137,patriotism,8
5138,pattern,8
5139,pb,8
5140,penny,8
5141,pentagon,8
5142,perhaps,8
5143,policeman,8
5144,positive,8
5145,possibility,8
5146,prepare,8
5147,previous,8
5148,proceeding,8
5149,quit,8
5150,refugee,8
5151,regulation,8
5152,relief,8
5153,resident,8
5154,river,8
5155,robert,8
5156,salvador,8
5157,score,8
5158,settlement,8
5159,shameful,8
5160,shape,8
5161,shock,8
5162,slaughter,8
5163,slavery,8
5164,smart,8
5165,soon,8
5166,sort,8
5167,speaker,8
5168,spoke,8
5169,spread,8
5170,station,8
5171,style,8
5172,summon,8
5173,survive,8
5174,switch,8
5175,taught,8
5176,torn,8
5177,traditional,8
5178,trans,8
5179,transformation,8
5180,transgender,8
5181,trend,8
5182,truck,8
5183,type,8
5184,until,8
5185,usual,8
5186,vietnam,8
5187,viewer,8
5188,wellbeing,8
5189,while,8
5190,workplace,8
5191,wound,8
5192,ad,9
5193,affair,9
5194,agency,9
5195,aisle,9
5196,ambassador,9
5197,ambitious,9
5198,anderson,9
5199,aside,9
5200,badly,9
5201,bail,9
5202,battle,9
5203,before,9
5204,blame,9
5205,blue,9
5206,borrow,9
5207,broke,9
5208,burden,9
5209,carry,9
5210,cdc,9
5211,checked,9
5212,clarify,9
5213,clock,9
5214,combine,9
5215,complex,9
5216,copayments,9
5217,crack,9
5218,crush,9
5219,cure,9
5220,depression,9
5221,dictatorship,9
5222,drop,9
5223,edge,9
5224,effectively,9
5225,essentially,9
5226,eventually,9
5227,excite,9
5228,followup,9
5229,forth,9
5230,fracking,9
5231,homeland,9
5232,hyde,9
5233,incumbent,9
5234,indicate,9
5235,inside,9
5236,integrate,9
5237,invent,9
5238,jake,9
5239,january,9
5240,joke,9
5241,jones,9
5242,kamala,9
5243,kim,9
5244,kitchen,9
5245,knock,9
5246,largely,9
5247,latest,9
5248,lee,9
5249,letter,9
5250,liberty,9
5251,lindsey,9
5252,meaning,9
5253,misconception,9
5254,missile,9
5255,online,9
5256,only,9
5257,opposite,9
5258,over,9
5259,overcome,9
5260,pack,9
5261,participate,9
5262,permanent,9
5263,peteforamericacom,9
5264,picture,9
5265,pit,9
5266,politico,9
5267,pose,9
5268,pretend,9
5269,prosperity,9
5270,purchase,9
5271,referendum,9
5272,reject,9
5273,reverse,9
5274,sentence,9
5275,similar,9
5276,stuff,9
5277,sue,9
5278,suppression,9
5279,tear,9
5280,torch,9
5281,traffic,9
5282,tragedy,9
5283,ultimately,9
5284,underinsured,9
5285,unemployment,9
5286,vague,9
5287,venezuela,9
5288,version,9
5289,whoever,9
5290,about,10
5291,africanamerican,10
5292,agriculture,10
5293,anyway,10
5294,arabia,10
5295,army,10
5296,beto,10
5297,blood,10
5298,breathe,10
5299,bridge,10
5300,cap,10
5301,capture,10
5302,cash,10
5303,claim,10
5304,conflict,10
5305,consolidation,10
5306,copays,10
5307,crazy,10
5308,cruelty,10
5309,currently,10
5310,dark,10
5311,dead,10
5312,deployed,10
5313,differently,10
5314,diplomatic,10
5315,dominate,10
5316,dozen,10
5317,eat,10
5318,enforce,10
5319,entrepreneurship,10
5320,era,10
5321,establish,10
5322,exchange,10
5323,fewer,10
5324,firm,10
5325,function,10
5326,gang,10
5327,gay,10
5328,grade,10
5329,graduate,10
5330,grandchild,10
5331,historically,10
5332,hook,10
5333,household,10
5334,ice,10
5335,ideal,10
5336,incarceration,10
5337,incentive,10
5338,incredible,10
5339,instance,10
5340,interrupt,10
5341,key,10
5342,latin,10
5343,longest,10
5344,mark,10
5345,mccain,10
5346,mexican,10
5347,muslim,10
5348,native,10
5349,neutral,10
5350,northern,10
5351,oath,10
5352,offering,10
5353,out,10
5354,overall,10
5355,partisan,10
5356,politically,10
5357,possession,10
5358,pro,10
5359,reflect,10
5360,related,10
5361,rely,10
5362,review,10
5363,richer,10
5364,richest,10
5365,rip,10
5366,row,10
5367,san,10
5368,sanction,10
5369,separation,10
5370,seriously,10
5371,size,10
5372,skin,10
5373,southern,10
5374,staff,10
5375,stock,10
5376,suck,10
5377,their,10
5378,threaten,10
5379,toward,10
5380,trail,10
5381,train,10
5382,uniform,10
5383,unites,10
5384,unlike,10
5385,unprecedented,10
5386,virtually,10
5387,abroad,11
5388,achieve,11
5389,activist,11
5390,alabama,11
5391,balance,11
5392,belonging,11
5393,brings,11
5394,bullock,11
5395,busing,11
5396,camp,11
5397,ceo,11
5398,charleston,11
5399,charter,11
5400,circumstance,11
5401,colorado,11
5402,core,11
5403,council,11
5404,daca,11
5405,david,11
5406,dc,11
5407,dealt,11
5408,decency,11
5409,degree,11
5410,denmark,11
5411,destroy,11
5412,detail,11
5413,donor,11
5414,driven,11
5415,electoral,11
5416,everywhere,11
5417,facebook,11
5418,flip,11
5419,fourth,11
5420,garner,11
5421,gdp,11
5422,gender,11
5423,gift,11
5424,guaranteed,11
5425,hey,11
5426,hire,11
5427,humanitarian,11
5428,image,11
5429,innocent,11
5430,intellectual,11
5431,interested,11
5432,investigate,11
5433,iranian,11
5434,it,11
5435,language,11
5436,lester,11
5437,leverage,11
5438,magazine,11
5439,manage,11
5440,meant,11
5441,motto,11
5442,multinational,11
5443,nbc,11
5444,near,11
5445,network,11
5446,nonprofit,11
5447,normal,11
5448,notice,11
5449,obstruct,11
5450,original,11
5451,oval,11
5452,overwhelm,11
5453,partnership,11
5454,payer,11
5455,pelosi,11
5456,phone,11
5457,physical,11
5458,pitch,11
5459,preschool,11
5460,professional,11
5461,provider,11
5462,radical,11
5463,redline,11
5464,reelection,11
5465,rejoin,11
5466,religion,11
5467,representative,11
5468,round,11
5469,seat,11
5470,secure,11
5471,setback,11
5472,soleimani,11
5473,strengthen,11
5474,subsidize,11
5475,supporter,11
5476,sweep,11
5477,television,11
5478,terror,11
5479,tom,11
5480,totally,11
5481,towards,11
5482,truly,11
5483,victory,11
5484,website,11
5485,aid,12
5486,alive,12
5487,alternative,12
5488,automatically,12
5489,behavior,12
5490,bennet,12
5491,buying,12
5492,capacity,12
5493,cbs,12
5494,chuck,12
5495,comment,12
5496,competitive,12
5497,consider,12
5498,demand,12
5499,described,12
5500,desk,12
5501,discuss,12
5502,drink,12
5503,effective,12
5504,electric,12
5505,enforcement,12
5506,event,12
5507,extend,12
5508,fortune,12
5509,fraud,12
5510,frisk,12
5511,glad,12
5512,grandmother,12
5513,grateful,12
5514,hell,12
5515,his,12
5516,hong,12
5517,illegally,12
5518,implement,12
5519,improvement,12
5520,inslee,12
5521,invade,12
5522,kennedy,12
5523,kong,12
5524,lack,12
5525,launch,12
5526,leaf,12
5527,legalize,12
5528,lifetime,12
5529,lobbyist,12
5530,loyalty,12
5531,medicaid,12
5532,narrow,12
5533,none,12
5534,obligation,12
5535,otherwise,12
5536,passing,12
5537,personally,12
5538,platform,12
5539,population,12
5540,precedent,12
5541,property,12
5542,register,12
5543,renewable,12
5544,revenue,12
5545,sat,12
5546,segregation,12
5547,shooter,12
5548,spirit,12
5549,steal,12
5550,store,12
5551,subject,12
5552,surge,12
5553,sustainable,12
5554,tackle,12
5555,title,12
5556,tune,12
5557,under,12
5558,vast,12
5559,violate,12
5560,violation,12
5561,wealthiest,12
5562,weigh,12
5563,which,12
5564,adult,13
5565,auto,13
5566,automation,13
5567,basis,13
5568,capitalism,13
5569,certain,13
5570,closer,13
5571,commission,13
5572,conduct,13
5573,consumer,13
5574,decent,13
5575,deny,13
5576,deportation,13
5577,despite,13
5578,diabetes,13
5579,diversity,13
5580,draw,13
5581,due,13
5582,emission,13
5583,eric,13
5584,factory,13
5585,foot,13
5586,forgiveness,13
5587,hall,13
5588,hardworking,13
5589,inspire,13
5590,interfere,13
5591,invite,13
5592,light,13
5593,lock,13
5594,machine,13
5595,margin,13
5596,minority,13
5597,most,13
5598,neighbor,13
5599,note,13
5600,onto,13
5601,owe,13
5602,paper,13
5603,polarize,13
5604,privilege,13
5605,project,13
5606,quite,13
5607,quo,13
5608,range,13
5609,rating,13
5610,repeatedly,13
5611,replace,13
5612,resilience,13
5613,roll,13
5614,ryan,13
5615,suicide,13
5616,surprised,13
5617,taliban,13
5618,throughout,13
5619,throw,13
5620,to,13
5621,tuesday,13
5622,wind,13
5623,wish,13
5624,witness,13
5625,accept,14
5626,admit,14
5627,after,14
5628,allows,14
5629,announce,14
5630,anywhere,14
5631,apologize,14
5632,apply,14
5633,appreciate,14
5634,blasio,14
5635,buyback,14
5636,code,14
5637,criticize,14
5638,deport,14
5639,discrimination,14
5640,dividend,14
5641,drill,14
5642,enemy,14
5643,europe,14
5644,expensive,14
5645,gain,14
5646,grant,14
5647,historic,14
5648,houston,14
5649,indiana,14
5650,lesson,14
5651,litmus,14
5652,longterm,14
5653,mandatory,14
5654,millionaire,14
5655,minnesota,14
5656,mueller,14
5657,net,14
5658,nine,14
5659,november,14
5660,ordinary,14
5661,outrageous,14
5662,overturn,14
5663,parkland,14
5664,payment,14
5665,perfect,14
5666,pledge,14
5667,remove,14
5668,research,14
5669,significantly,14
5670,sound,14
5671,systemic,14
5672,taxpayer,14
5673,toe,14
5674,touch,14
5675,turkey,14
5676,undermine,14
5677,understands,14
5678,unit,14
5679,upon,14
5680,urban,14
5681,approval,15
5682,arrest,15
5683,authority,15
5684,authorization,15
5685,buck,15
5686,bunch,15
5687,commanderinchief,15
5688,competition,15
5689,connect,15
5690,contract,15
5691,contribute,15
5692,define,15
5693,delaney,15
5694,describe,15
5695,design,15
5696,diplomacy,15
5697,disability,15
5698,entrepreneur,15
5699,epidemic,15
5700,facility,15
5701,failure,15
5702,felt,15
5703,final,15
5704,frankly,15
5705,friendship,15
5706,grassroots,15
5707,hate,15
5708,heal,15
5709,hickenlooper,15
5710,information,15
5711,investigation,15
5712,kept,15
5713,la,15
5714,lastly,15
5715,middleclass,15
5716,mike,15
5717,moderator,15
5718,modern,15
5719,nationally,15
5720,negotiation,15
5721,nickel,15
5722,notion,15
5723,official,15
5724,opioids,15
5725,panel,15
5726,paris,15
5727,pathway,15
5728,peace,15
5729,provision,15
5730,realistic,15
5731,refuse,15
5732,reparation,15
5733,sale,15
5734,section,15
5735,sector,15
5736,speaks,15
5737,strongly,15
5738,suffer,15
5739,total,15
5740,tough,15
5741,travel,15
5742,twitter,15
5743,versus,15
5744,victim,15
5745,vladimir,15
5746,williamson,15
5747,account,16
5748,attempt,16
5749,attention,16
5750,beating,16
5751,bend,16
5752,capital,16
5753,cheat,16
5754,church,16
5755,damage,16
5756,disproportionately,16
5757,diverse,16
5758,earlier,16
5759,enormous,16
5760,environment,16
5761,except,16
5762,faith,16
5763,fine,16
5764,georgia,16
5765,hillary,16
5766,injustice,16
5767,list,16
5768,miami,16
5769,mile,16
5770,morning,16
5771,necessary,16
5772,opioid,16
5773,perspective,16
5774,plant,16
5775,post,16
5776,rachel,16
5777,rent,16
5778,russian,16
5779,scientist,16
5780,several,16
5781,shut,16
5782,subsidy,16
5783,target,16
5784,trial,16
5785,with,16
5786,yesterday,16
5787,addiction,17
5788,alliance,17
5789,amount,17
5790,anymore,17
5791,basically,17
5792,beaten,17
5793,block,17
5794,book,17
5795,central,17
5796,deep,17
5797,deeply,17
5798,difficult,17
5799,equality,17
5800,existential,17
5801,false,17
5802,food,17
5803,honest,17
5804,influence,17
5805,medium,17
5806,miss,17
5807,model,17
5808,murder,17
5809,nominate,17
5810,opening,17
5811,organize,17
5812,pain,17
5813,popular,17
5814,present,17
5815,pretty,17
5816,refer,17
5817,remain,17
5818,root,17
5819,sacrifice,17
5820,safer,17
5821,saudi,17
5822,sleep,17
5823,soldier,17
5824,somehow,17
5825,soul,17
5826,structural,17
5827,success,17
5828,super,17
5829,teach,17
5830,terrorist,17
5831,transparency,17
5832,ukraine,17
5833,unfortunately,17
5834,vehicle,17
5835,vermont,17
5836,wonder,17
5837,addition,18
5838,amy,18
5839,compare,18
5840,compete,18
5841,condition,18
5842,confront,18
5843,couple,18
5844,detention,18
5845,division,18
5846,easier,18
5847,easy,18
5848,effect,18
5849,equal,18
5850,floor,18
5851,gut,18
5852,higher,18
5853,insist,18
5854,insulin,18
5855,israel,18
5856,kurd,18
5857,massive,18
5858,own,18
5859,owner,18
5860,press,18
5861,product,18
5862,reelect,18
5863,remind,18
5864,sent,18
5865,sister,18
5866,solar,18
5867,specific,18
5868,stick,18
5869,terrible,18
5870,transform,18
5871,vega,18
5872,visit,18
5873,clearly,19
5874,decriminalize,19
5875,employee,19
5876,exact,19
5877,extreme,19
5878,fast,19
5879,financial,19
5880,flood,19
5881,fundamental,19
5882,gas,19
5883,girl,19
5884,growth,19
5885,happy,19
5886,harm,19
5887,imagine,19
5888,land,19
5889,late,19
5890,loophole,19
5891,m,19
5892,math,19
5893,moderate,19
5894,nafta,19
5895,nato,19
5896,offense,19
5897,per,19
5898,percent,19
5899,potential,19
5900,practice,19
5901,prek,19
5902,principle,19
5903,produce,19
5904,quality,19
5905,rather,19
5906,region,19
5907,science,19
5908,some,19
5909,strike,19
5910,stronger,19
5911,tomorrow,19
5912,unify,19
5913,urgency,19
5914,where,19
5915,will,19
5916,wisconsin,19
5917,abuse,20
5918,accountability,20
5919,audience,20
5920,bought,20
5921,bush,20
5922,cancel,20
5923,cancer,20
5924,conservative,20
5925,convince,20
5926,correct,20
5927,damn,20
5928,determine,20
5929,disease,20
5930,flee,20
5931,govern,20
5932,handle,20
5933,have,20
5934,honor,20
5935,impossible,20
5936,mind,20
5937,opponent,20
5938,powerful,20
5939,regard,20
5940,responsible,20
5941,shooting,20
5942,society,20
5943,strength,20
5944,training,20
5945,wife,20
5946,ballot,21
5947,bank,21
5948,cage,21
5949,deserve,21
5950,double,21
5951,early,21
5952,exist,21
5953,farm,21
5954,filibuster,21
5955,flint,21
5956,gap,21
5957,highest,21
5958,improve,21
5959,march,21
5960,message,21
5961,organization,21
5962,piece,21
5963,pressure,21
5964,protection,21
5965,purpose,21
5966,pursue,21
5967,recent,21
5968,regardless,21
5969,should,21
5970,status,21
5971,succeed,21
5972,tool,21
5973,tuition,21
5974,turnout,21
5975,tweet,21
5976,uninsured,21
5977,worry,21
5978,worst,21
5979,affect,22
5980,bipartisan,22
5981,born,22
5982,boy,22
5983,congressional,22
5984,expense,22
5985,from,22
5986,fundamentally,22
5987,gabbard,22
5988,game,22
5989,illegal,22
5990,individual,22
5991,king,22
5992,large,22
5993,lawyer,22
5994,ought,22
5995,repeal,22
5996,senior,22
5997,stake,22
5998,team,22
5999,track,22
6000,afraid,23
6001,ahead,23
6002,appoint,23
6003,bankrupt,23
6004,basic,23
6005,car,23
6006,caucus,23
6007,closing,23
6008,completely,23
6009,concerned,23
6010,count,23
6011,credit,23
6012,dignity,23
6013,endless,23
6014,funding,23
6015,global,23
6016,inequality,23
6017,local,23
6018,midwest,23
6019,nearly,23
6020,particular,23
6021,pharma,23
6022,pocket,23
6023,prosecutor,23
6024,ticket,23
6025,trouble,23
6026,whose,23
6027,corrupt,24
6028,county,24
6029,critical,24
6030,data,24
6031,daughter,24
6032,disaster,24
6033,domestic,24
6034,eye,24
6035,forget,24
6036,kick,24
6037,labor,24
6038,manufacturer,24
6039,page,24
6040,particularly,24
6041,pennsylvania,24
6042,progress,24
6043,quickly,24
6044,restore,24
6045,revolution,24
6046,role,24
6047,seven,24
6048,sometimes,24
6049,transition,24
6050,accord,25
6051,acknowledge,25
6052,amazon,25
6053,argue,25
6054,canada,25
6055,citizenship,25
6056,commitment,25
6057,death,25
6058,discussion,25
6059,employer,25
6060,greed,25
6061,intelligence,25
6062,introduce,25
6063,measure,25
6064,outside,25
6065,paso,25
6066,realize,25
6067,short,25
6068,straight,25
6069,suggest,25
6070,terrorism,25
6071,thanks,25
6072,unite,25
6073,whatever,25
6074,constitutional,26
6075,contribution,26
6076,defend,26
6077,defense,26
6078,don,26
6079,emergency,26
6080,especially,26
6081,father,26
6082,george,26
6083,greatest,26
6084,guess,26
6085,later,26
6086,mass,26
6087,paycheck,26
6088,prepared,26
6089,quick,26
6090,reach,26
6091,regime,26
6092,road,26
6093,shoot,26
6094,socialism,26
6095,socialist,26
6096,study,26
6097,tech,26
6098,treatment,26
6099,voice,26
6100,worth,26
6101,air,27
6102,apart,27
6103,chinese,27
6104,concern,27
6105,constitution,27
6106,dangerous,27
6107,deductible,27
6108,embrace,27
6109,form,27
6110,gotten,27
6111,legal,27
6112,lift,27
6113,mine,27
6114,obviously,27
6115,open,27
6116,partner,27
6117,prosecute,27
6118,qualify,27
6119,ran,27
6120,rebuild,27
6121,resource,27
6122,simple,27
6123,specifically,27
6124,age,28
6125,available,28
6126,bit,28
6127,commit,28
6128,evidence,28
6129,fall,28
6130,favor,28
6131,found,28
6132,impeach,28
6133,meeting,28
6134,mental,28
6135,pick,28
6136,prevent,28
6137,probably,28
6138,read,28
6139,reproductive,28
6140,sick,28
6141,undocumented,28
6142,worried,28
6143,budget,29
6144,can,29
6145,career,29
6146,clinton,29
6147,cross,29
6148,door,29
6149,figure,29
6150,florida,29
6151,god,29
6152,happens,29
6153,limit,29
6154,manufacturing,29
6155,nevada,29
6156,oil,29
6157,receive,29
6158,rise,29
6159,secondly,29
6160,significant,29
6161,sir,29
6162,topic,29
6163,amendment,30
6164,approach,30
6165,asylum,30
6166,attorney,30
6167,beyond,30
6168,bigger,30
6169,congresswoman,30
6170,dictator,30
6171,disagree,30
6172,drive,30
6173,earn,30
6174,excuse,30
6175,fellow,30
6176,fought,30
6177,front,30
6178,involve,30
6179,isi,30
6180,moral,30
6181,officer,30
6182,path,30
6183,politician,30
6184,putin,30
6185,risk,30
6186,six,30
6187,social,30
6188,strategy,30
6189,suppose,30
6190,tire,30
6191,wade,30
6192,within,30
6193,argument,31
6194,baby,31
6195,board,31
6196,current,31
6197,detroit,31
6198,directly,31
6199,district,31
6200,dreamer,31
6201,field,31
6202,impact,31
6203,knew,31
6204,low,31
6205,marijuana,31
6206,offer,31
6207,report,31
6208,seem,31
6209,serious,31
6210,simply,31
6211,twice,31
6212,agenda,32
6213,commander,32
6214,comprehensive,32
6215,decide,32
6216,effort,32
6217,goal,32
6218,harder,32
6219,held,32
6220,hospital,32
6221,john,32
6222,often,32
6223,red,32
6224,these,32
6225,arm,33
6226,benefit,33
6227,brown,33
6228,center,33
6229,certainly,33
6230,eliminate,33
6231,explain,33
6232,finish,33
6233,former,33
6234,fund,33
6235,hit,33
6236,infrastructure,33
6237,lower,33
6238,minimum,33
6239,obamacare,33
6240,reduce,33
6241,safety,33
6242,strong,33
6243,syria,33
6244,technology,33
6245,third,33
6246,veteran,33
6247,accountable,34
6248,fear,34
6249,fill,34
6250,industrial,34
6251,judge,34
6252,medical,34
6253,mention,34
6254,poor,34
6255,racist,34
6256,statement,34
6257,struggle,34
6258,unless,34
6259,worse,34
6260,along,35
6261,body,35
6262,built,35
6263,consequence,35
6264,either,35
6265,fire,35
6266,freedom,35
6267,korea,35
6268,mom,35
6269,oppose,35
6270,recently,35
6271,sit,35
6272,tariff,35
6273,your,35
6274,almost,36
6275,castro,36
6276,combat,36
6277,dad,36
6278,direct,36
6279,earth,36
6280,elizabeth,36
6281,finally,36
6282,relationship,36
6283,test,36
6284,green,37
6285,independent,37
6286,lie,37
6287,nobody,37
6288,possible,37
6289,premium,37
6290,quote,37
6291,represent,37
6292,result,37
6293,return,37
6294,ten,37
6295,those,37
6296,water,37
6297,cent,38
6298,citizen,38
6299,east,38
6300,group,38
6301,largest,38
6302,recognize,38
6303,rid,38
6304,roe,38
6305,stood,38
6306,town,38
6307,us,38
6308,bold,39
6309,brought,39
6310,century,39
6311,dream,39
6312,eight,39
6313,environmental,39
6314,fail,39
6315,fair,39
6316,full,39
6317,north,39
6318,poverty,39
6319,racial,39
6320,rourke,39
6321,shot,39
6322,supreme,39
6323,zero,39
6324,abortion,40
6325,ensure,40
6326,expect,40
6327,hearing,40
6328,investment,40
6329,likely,40
6330,mexico,40
6331,movement,40
6332,push,40
6333,sorry,40
6334,story,40
6335,brother,41
6336,carbon,41
6337,giant,41
6338,head,41
6339,huge,41
6340,immediately,41
6341,past,41
6342,seek,41
6343,separate,41
6344,steyer,41
6345,university,41
6346,who,41
6347,alone,42
6348,area,42
6349,bottom,42
6350,colleague,42
6351,courage,42
6352,market,42
6353,nra,42
6354,period,42
6355,personal,42
6356,priority,42
6357,require,42
6358,safe,42
6359,spend,42
6360,standard,42
6361,then,42
6362,barack,43
6363,cause,43
6364,clean,43
6365,cnn,43
6366,engage,43
6367,planet,43
6368,process,43
6369,rural,43
6370,among,44
6371,average,44
6372,charge,44
6373,ground,44
6374,guarantee,44
6375,hurt,44
6376,judgment,44
6377,longer,44
6378,mother,44
6379,others,44
6380,proposal,44
6381,vision,44
6382,add,45
6383,here,45
6384,least,45
6385,meet,45
6386,met,45
6387,play,45
6388,responsibility,45
6389,rich,45
6390,she,45
6391,though,45
6392,yeah,45
6393,coalition,46
6394,hampshire,46
6395,mcconnell,46
6396,might,46
6397,pete,46
6398,prison,46
6399,progressive,46
6400,racism,46
6401,reality,46
6402,release,46
6403,welcome,46
6404,ability,47
6405,background,47
6406,california,47
6407,chief,47
6408,color,47
6409,heart,47
6410,mistake,47
6411,neighborhood,47
6412,rest,47
6413,true,47
6414,carolina,48
6415,deliver,48
6416,doctor,48
6417,jail,48
6418,mitch,48
6419,table,48
6420,texas,48
6421,yet,48
6422,booker,49
6423,choose,49
6424,committee,49
6425,just,49
6426,minute,49
6427,poll,49
6428,russia,49
6429,sell,49
6430,speak,49
6431,truth,49
6432,wealthy,49
6433,absolutely,50
6434,loan,50
6435,may,50
6436,michigan,50
6437,pharmaceutical,50
6438,share,50
6439,son,50
6440,action,51
6441,civil,51
6442,international,51
6443,latino,51
6444,legislation,51
6445,news,51
6446,primary,51
6447,room,51
6448,sign,51
6449,conversation,52
6450,nominee,52
6451,rate,52
6452,willing,52
6453,yang,52
6454,always,53
6455,behind,53
6456,control,53
6457,divide,53
6458,literally,53
6459,presidency,53
6460,presidential,53
6461,ready,53
6462,stay,53
6463,view,53
6464,affordable,54
6465,executive,54
6466,harris,54
6467,hope,54
6468,hour,54
6469,men,54
6470,night,54
6471,special,54
6472,voting,54
6473,access,55
6474,exactly,55
6475,expand,55
6476,situation,55
6477,wait,55
6478,crime,56
6479,heard,56
6480,learn,56
6481,ohio,56
6482,set,56
6483,step,56
6484,walk,56
6485,assault,57
6486,base,57
6487,common,57
6488,die,57
6489,five,57
6490,fossil,57
6491,maybe,57
6492,respect,57
6493,ban,58
6494,building,58
6495,fix,58
6496,leadership,58
6497,program,58
6498,thought,58
6499,anybody,59
6500,buy,59
6501,coverage,59
6502,example,59
6503,farmer,59
6504,not,59
6505,remember,59
6506,afford,60
6507,energy,60
6508,instead,60
6509,left,60
6510,negotiate,60
6511,level,61
6512,paid,61
6513,propose,61
6514,pull,61
6515,send,61
6516,trust,61
6517,watch,61
6518,childcare,62
6519,follow,62
6520,secretary,62
6521,spending,62
6522,spent,62
6523,anyone,63
6524,broken,63
6525,department,63
6526,name,63
6527,prescription,63
6528,proud,63
6529,young,63
6530,be,64
6531,choice,64
6532,general,64
6533,police,64
6534,york,64
6535,close,65
6536,corruption,65
6537,find,65
6538,fuel,65
6539,service,65
6540,somebody,65
6541,treat,65
6542,entire,66
6543,impeachment,66
6544,increase,66
6545,listen,66
6546,cover,67
6547,housing,67
6548,hundred,67
6549,nothing,67
6550,okay,67
6551,profit,67
6552,protect,67
6553,solve,67
6554,biggest,68
6555,hard,68
6556,position,68
6557,address,69
6558,corporate,69
6559,course,69
6560,decade,69
6561,defeat,69
6562,joe,69
6563,living,69
6564,write,69
6565,generation,70
6566,hold,70
6567,kill,70
6568,our,70
6569,response,70
6570,word,70
6571,already,71
6572,interest,71
6573,iran,71
6574,man,71
6575,please,71
6576,sense,71
6577,side,71
6578,wall,71
6579,difference,72
6580,for,72
6581,grow,72
6582,iraq,72
6583,told,72
6584,anything,73
6585,solution,73
6586,african,74
6587,iowa,74
6588,love,74
6589,small,75
6590,attack,76
6591,economic,76
6592,force,76
6593,hear,76
6594,old,76
6595,option,76
6596,pas,76
6597,save,76
6598,since,76
6599,violence,76
6600,cut,77
6601,feel,77
6602,week,77
6603,bloomberg,78
6604,focus,78
6605,high,78
6606,nuclear,78
6607,provide,78
6608,south,78
6609,decision,79
6610,less,79
6611,check,80
6612,debt,80
6613,democracy,80
6614,immigrant,80
6615,major,80
6616,majority,80
6617,rule,80
6618,saw,80
6619,income,81
6620,parent,81
6621,threat,81
6622,wage,81
6623,whole,81
6624,folk,82
6625,little,82
6626,price,82
6627,chance,83
6628,half,84
6629,line,84
6630,become,85
6631,pass,85
6632,politics,85
6633,trillion,85
6634,foreign,86
6635,guy,86
6636,human,86
6637,challenge,87
6638,hand,87
6639,leave,87
6640,reform,87
6641,future,88
6642,governor,88
6643,opportunity,88
6644,promise,88
6645,street,88
6646,criminal,89
6647,teacher,89
6648,allow,90
6649,far,90
6650,free,91
6651,friend,91
6652,history,91
6653,thousand,91
6654,universal,91
6655,billionaire,92
6656,immigration,93
6657,why,93
6658,order,94
6659,record,94
6660,ever,95
6661,join,95
6662,klobuchar,95
6663,agreement,96
6664,class,96
6665,federal,96
6666,invest,96
6667,union,96
6668,afghanistan,97
6669,moment,97
6670,private,97
6671,another,98
6672,office,98
6673,case,99
6674,congressman,99
6675,everything,99
6676,month,99
6677,security,99
6678,serve,99
6679,elect,100
6680,student,100
6681,top,100
6682,wrong,101
6683,bernie,102
6684,political,102
6685,without,102
6686,ally,103
6687,court,103
6688,forward,103
6689,industry,103
6690,value,103
6691,wealth,103
6692,continue,104
6693,kind,104
6694,administration,105
6695,break,105
6696,buttigieg,105
6697,corporation,105
6698,face,105
6699,member,105
6700,begin,107
6701,border,107
6702,military,107
6703,must,107
6704,across,108
6705,power,108
6706,race,108
6707,how,109
6708,leader,111
6709,long,111
6710,national,111
6711,respond,111
6712,four,112
6713,ago,113
6714,business,113
6715,experience,113
6716,show,113
6717,education,114
6718,crisis,115
6719,live,115
6720,now,115
6721,best,116
6722,still,116
6723,enough,117
6724,important,117
6725,reason,117
6726,because,118
6727,else,119
6728,nation,119
6729,build,120
6730,weapon,120
6731,middle,122
6732,obama,122
6733,term,123
6734,answer,130
6735,real,130
6736,troop,130
6737,different,131
6738,lose,132
6739,matter,132
6740,person,132
6741,never,134
6742,act,135
6743,understand,135
6744,someone,136
6745,stop,136
6746,clear,137
6747,white,137
6748,second,138
6749,create,139
6750,city,142
6751,everybody,142
6752,include,142
6753,next,142
6754,really,142
6755,billion,143
6756,whether,143
6757,china,145
6758,college,145
6759,raise,146
6760,great,148
6761,washington,148
6762,yes,149
6763,beat,150
6764,away,151
6765,worker,153
6766,keep,154
6767,agree,156
6768,biden,156
6769,kid,157
6770,idea,158
6771,move,160
6772,congress,161
6773,trade,163
6774,campaign,164
6775,house,165
6776,senate,165
6777,single,165
6778,three,165
6779,tonight,165
6780,dollar,166
6781,home,166
6782,voter,166
6783,drug,167
6784,place,167
6785,turn,171
6786,stand,173
6787,today,174
6788,black,176
6789,lead,177
6790,there,181
6791,warren,181
6792,election,182
6793,when,182
6794,cost,184
6795,health,185
6796,law,187
6797,party,187
6798,around,189
6799,mean,189
6800,use,189
6801,government,190
6802,justice,192
6803,mr,192
6804,good,193
6805,run,196
6806,republican,198
6807,all,199
6808,could,201
6809,gun,201
6810,economy,202
6811,call,203
6812,help,204
6813,life,204
6814,debate,206
6815,public,207
6816,school,208
6817,try,208
6818,point,210
6819,care,211
6820,child,211
6821,win,211
6822,bill,212
6823,system,212
6824,last,214
6825,everyone,217
6826,number,217
6827,part,217
6828,lot,218
6829,medicare,219
6830,even,220
6831,together,220
6832,end,222
6833,democratic,225
6834,democrat,226
6835,vice,227
6836,big,229
6837,insurance,229
6838,happen,231
6839,sander,231
6840,support,236
6841,fight,238
6842,candidate,239
6843,company,243
6844,vote,244
6845,able,249
6846,climate,249
6847,much,251
6848,something,252
6849,war,252
6850,community,255
6851,tell,255
6852,actually,257
6853,policy,257
6854,problem,261
6855,ask,263
6856,money,266
6857,start,267
6858,two,269
6859,many,278
6860,stage,282
6861,world,291
6862,deal,297
6863,believe,298
6864,give,300
6865,woman,300
6866,million,304
6867,bring,305
6868,also,306
6869,day,309
6870,family,310
6871,job,311
6872,mayor,311
6873,what,311
6874,pay,322
6875,tax,324
6876,new,326
6877,they,328
6878,sure,336
6879,issue,356
6880,this,365
6881,put,366
6882,donald,377
6883,question,379
6884,fact,380
6885,see,385
6886,change,388
6887,united,391
6888,healthcare,396
6889,thank,413
6890,do,414
6891,back,422
6892,first,430
6893,plan,437
6894,every,462
6895,but,463
6896,let,470
6897,look,510
6898,america,525
6899,thing,525
6900,time,544
6901,you,547
6902,come,548
6903,like,552
6904,way,570
6905,talk,590
6906,take,602
6907,well,603
6908,know,604
6909,year,607
6910,state,623
6911,work,634
6912,the,688
6913,that,695
6914,trump,705
6915,senator,787
6916,think,816
6917,need,828
6918,american,836
6919,right,843
6920,would,867
6921,country,904
6922,one,916
6923,want,942
6924,make,1171
6925,and,1260
6926,president,1280
6927,say,1291
6928,go,1469
6929,get,1595
6930,people,1636
